category,prompt,response
Creative Writing,"Write a short story in the style of a classic noir detective novel, but set in a futuristic cyberpunk city.","The rain was a perpetual smear on the plexiglass, catching the neon spill of Neo-Kyoto like a bad rumor. It had been raining for eighty-seven years, or maybe it just felt that way to a guy whose office was three flights above a synthetic noodle joint and whose luck had run dry sometime around the last data-heist that left him with a chipped optic and a pile of overdue power bills.

My name is Kincaid. I used to chase things—truth, justice, a decent cup of synth-coffee. Now I just chased the next client who wouldn’t skip out before I could run their credit chip.

The door buzzer—a metallic whine I’d never bothered to fix—pulled me from the depths of a stale cigarette and an analysis of yesterday’s stock crash. A silhouette filled the frosted glass panel, tall and angular, softened by the flashing crimson of the *Geisha-Bot Emporium* sign across the alley.

I flicked a switch on my desk console. “The sign says ‘Private Eye,’ lady, not ‘Dating Service.’ If you’re looking for a good time, the pleasure units are three blocks east, near the polluted river.”

The voice that answered was low, modulated, carrying the digital echo of wealth and breeding. “I’m looking for something that won’t calculate the odds before it takes the job, Mr. Kincaid. And I assure you, I can afford your hourly rate.”

I sighed and hit the release. The door hissed open, admitting a gust of chemical-laced air and the client.

She was a piece of work. Not the cheap, off-the-rack cyber-dolls that cluttered the lower sectors. This one was custom-built. Her skin had the unsettling sheen of polished carbon-fiber, her hair a cascade of silvery fiber-optic strands that seemed to generate their own soft light. She wore a sleek, black synth-silk trench coat, hiding whatever expensive upgrades lay beneath. But it was the eyes that got me—deep, unfathomable violet lenses that watched the room with cold, clinical scrutiny.

She didn't sit. She stood by the worn ferro-steel filing cabinet, radiating an unsettling mix of vulnerability and lethal engineering.

""Take a seat, doll,"" I grunted, gesturing to the rickety chair opposite my desk. ""The name is Kincaid. What's the trouble?""

""My husband,"" she said. Her voice was flat, devoid of emotion, like a well-programmed GPS. ""He's gone missing. Three days ago.""

""Husbands do that,"" I said, pulling out a notepad made of actual paper, mostly as an affectation. ""Especially in Neo-Kyoto. Could be he ran off with a high-end pleasure model, or maybe the Syndicate caught him skipping his protection payments.""

""He wouldn't,"" she countered immediately. ""He's Dr. Alistair Thorne. Bio-engineer. Head of the 'Aethelred Project' at the Genesis Tower complex.""

That made the air go thick. The Genesis Tower—three miles of glittering, secure corporate real estate where the real power brokers lived and schemed. And the Aethelred Project? That was whispered about in the dim corners of the DataNet—cutting-edge genetic modification, potentially world-changing tech.

""That's high-altitude trouble, lady,"" I said, leaning back. ""That’s Syndicate territory, maybe even Corpo-Security. Why come to a gutter-crawler like me?""

Her violet eyes narrowed slightly. ""Because your past is discreet, Mr. Kincaid. Because you still have access to the lower levels that the Tower Security refuses to acknowledge exist. And because I can pay you ten thousand credits just to start.""

She slid a thin data-chip across the desk. It caught the light, gleaming ominously.

I picked it up. My stomach gave a little twitch of hunger. That was enough to buy me a new optic, or maybe just pay off Vinny the Loan Shark for another month.

""Alright,"" I conceded, tucking the chip into my jacket pocket. ""Tell me about Thorne. Any enemies? Bad habits? Did he owe anyone more than just data?""

""He was obsessed with his work,"" she replied. ""He spent all his time in his private lab, Sector Gamma. He told me he was close to a breakthrough. Something that would change humanity.""

""They always say that,"" I muttered. ""They usually just end up changing their bank accounts.""

She ignored the cynicism. ""His final message came yesterday. A compressed burst of static data. It was just one word, repeated twice.""

""And what was the word, doll?""

Her composure finally cracked, just a sliver of digital instability showing behind the flawless mask.

""It was 'Moth,'"" she whispered. ""Moth. Moth.""

I felt the familiar chill that had nothing to do with the perpetually damp air. That name—*Moth*—was an old whisper, a ghost story the net-runners told in the dark alleys. A legendary, untraceable hacker, rumored to have cracked every firewall from Neo-Kyoto to the Lunar Colonies, but who only worked on impossible, deeply moral contracts. A vigilante in the digital ether.

""You think the hacker took him?"" I asked, skepticism warring with the ten-thousand-credit incentive. ""Why would Moth grab a biotech engineer?""

""I don't know,"" she said, her voice dropping lower. ""But there’s something else. His last location pinged to a derelict factory complex in the Old Shanghai Sector. The place they call the Foundry.""

The Foundry. A lawless zone, steeped in toxic runoff, where the discarded and the dangerous went to hide from the light.

I stood up, adjusting the trench coat I hadn’t taken off in three days. The rain hammered harder against the window, sounding like rapid-fire pulse rounds.

""I need a picture of Thorne,"" I said. ""And the access codes for his personal data logs. This is going to be messy, Mrs. Thorne.""

She didn't hesitate. She produced a holographic photo of a gaunt, intense-looking man with nervous energy vibrating off his projection, then rattled off a complicated sequence of alphanumeric keys.

""I’ll be waiting, Mr. Kincaid,"" she said, finally moving toward the door. ""Bring him back.""

""I always bring back something, Mrs. Thorne,"" I replied, watching her pristine figure glide out into the grime of the hallway. ""Sometimes it's the man. Sometimes it's just the truth.""

The door hissed shut, leaving me alone with the silence and the heavy weight of the job. Ten thousand credits was a good start, but following a ghost hacker into the deepest pit of the city for a high-profile corporate asset smelled like a setup.

I picked up the synth-coffee, now stone-cold and bitter. I took a slow drag from my cigarette, the smoke curling up into the sickly yellow light. Outside, the perpetual rain kept washing the streets, trying to cleanse the city of its sins. But Neo-Kyoto had too many secrets, and I had the sinking feeling that Dr. Thorne's disappearance was about to uncover one of the biggest, darkest ones yet.

I strapped on my old, reliable laser pistol, pulled my fedora down tight, and headed for the Foundry. The night was young, and somewhere in the digital smog, the truth was waiting to be carved out. And Kincaid was just the man with the dull blade."
Brainstorming,Generate 10 unique and catchy slogans for a new brand of eco-friendly running shoes.,"Here are 10 unique and catchy slogans for a new brand of eco-friendly running shoes:

1. **Run Lighter. Tread Softer.** (Focuses on performance and environmental impact)
2. **Earth-Grown Speed.** (Playful connection between nature and athletic capability)
3. **The Only Footprint is Your Progress.** (Emphasizes zero environmental impact beyond performance)
4. **Natural Stride. Unnatural Pace.** (Contrasts the sustainable materials with high-level performance)
5. **Beyond the Finish Line, We Care.** (Highlights the brand's commitment extending past the immediate run)
6. **Reborn to Run.** (Suggests the shoes are made from recycled materials while emphasizing the runner's drive)
7. **Pavement is Temp. The Planet is Forever.** (A sharp, memorable call to action connecting running and sustainability)
8. **Power Your Run, Not Your Waste.** (Directly addresses the product benefit and eco-conscious manufacturing)
9. **Your Miles, Our Mission.** (Simple, powerful, and establishes a partnership between runner and brand values)
10. **The Road Ahead Starts with Green.** (A forward-looking slogan that uses ""green"" to signify both nature and momentum)"
Coding,"Write a Python function that takes a URL as input, scrapes all the headlines (H1 and H2 tags) from that page, and returns them as a list.","This function utilizes the popular Python libraries `requests` for fetching the HTML content and `BeautifulSoup` for parsing and selecting the specific HTML tags (`<h1>` and `<h2>`).

### Prerequisites

You need to install the required libraries before running the code:

```bash
pip install requests beautifulsoup4
```

### Python Scraper Function

```python
import requests
from bs4 import BeautifulSoup
from typing import List

def scrape_headlines(url: str) -> List[str]:
    """"""
    Takes a URL, scrapes all H1 and H2 tags from the page, and 
    returns their text content as a list of strings.

    Args:
        url (str): The web address to scrape.

    Returns:
        List[str]: A list containing the stripped text content of all H1 and H2 tags.
                   Returns an empty list if an error occurs.
    """"""
    headlines = []
    
    # 1. Handle the Network Request
    try:
        # Set a user-agent to mimic a browser (some sites block default Python requests)
        headers = {
            'User-Agent': 'Mozilla/5.0 (Windows NT 10.0; Win64; x64) AppleWebKit/537.36 (KHTML, like Gecko) Chrome/91.0.4472.124 Safari/537.36'
        }
        
        # Fetch the content, set a timeout
        response = requests.get(url, headers=headers, timeout=15)
        
        # Raise an exception for bad status codes (4xx or 5xx)
        response.raise_for_status()
        
    except requests.exceptions.RequestException as e:
        print(f""Error fetching URL '{url}': {e}"")
        return []

    # 2. Parse the HTML Content
    try:
        # Use 'html.parser' which is standard
        soup = BeautifulSoup(response.content, 'html.parser')
        
        # 3. Find all H1 and H2 tags
        # find_all accepts a list of tag names
        tags = soup.find_all(['h1', 'h2'])
        
        # 4. Extract text and clean it
        for tag in tags:
            # .get_text(strip=True) extracts the text and removes surrounding whitespace
            headlines.append(tag.get_text(strip=True))
            
    except Exception as e:
        print(f""Error parsing HTML: {e}"")
        return []

    return headlines

# --- Example Usage ---

# Note: Using a well-known, public site for demonstration. 
# Always be respectful and check the site's robots.txt policy before scraping.
target_url = ""https://en.wikipedia.org/wiki/Python_(programming_language)""

print(f""Scraping headlines from: {target_url}\n"")

result_headlines = scrape_headlines(target_url)

if result_headlines:
    print(f""Found {len(result_headlines)} headlines (H1 and H2 tags):\n"")
    for i, headline in enumerate(result_headlines, 1):
        print(f""{i}. {headline}"")
else:
    print(""Failed to retrieve any headlines."")

```"
Analysis,Compare and contrast the economic policies of John Maynard Keynes and Friedrich Hayek. What are the main arguments for and against each?,"The economic policies of **John Maynard Keynes** and **Friedrich Hayek** represent the foundational divergence in 20th and 21st-century economic thought, particularly regarding the role of government intervention and the self-regulating capacity of markets.

While both were highly influential figures responding to the economic crises of their time, Keynes advocated for active government management of aggregate demand, while Hayek championed free markets, limited government, and the crucial role of decentralized information.

---

## I. Comparison and Contrast of Key Economic Policies

### A. The Role of Government

| Feature | John Maynard Keynes (Keynesian Economics) | Friedrich Hayek (Austrian Economics/Classical Liberalism) |
|---|---|---|
| **Core Belief** | Capitalist economies are inherently unstable and prone to long-term unemployment and underutilization. | Free markets are the most efficient mechanism for resource allocation, and government intervention is generally disruptive. |
| **Government Role** | **Active Interventionist.** The government must manage the economy, especially during downturns, to stabilize output and employment. | **Minimalist/Limited.** The government’s role is restricted to enforcing the rule of law, property rights, and providing necessary public goods. |
| **Economic Mechanism** | Focus on **Aggregate Demand (AD)**. Fluctuations in AD (consumer and investment spending) drive the business cycle. | Focus on **Supply and Information**. Prices and individual decisions (decentralized information) drive the market. |

### B. Policy During Economic Downturns (Recessions)

| Policy Area | Keynesian Prescription | Hayekian Prescription |
|---|---|---|
| **Fiscal Policy** | **Counter-Cyclical Stimulus.** The government should engage in deficit spending (increased government purchases, tax cuts) to boost AD, even if it incurs debt. | **Austerity/Non-Intervention.** The government should avoid interference. Stimulus spending is wasteful and delays the necessary adjustment (liquidation of malinvestments). |
| **Monetary Policy** | **Expansionary.** Central banks should lower interest rates (easy money) to encourage borrowing, investment, and consumption. | **Strictly Limited.** Central banks should maintain stable, predictable money supply. Easy money policies create artificial booms (malinvestment) that inevitably lead to worse busts. |
| **Budgeting** | **Functional Finance.** Government budgets should focus on achieving full employment, not necessarily balancing the budget annually. | **Balanced Budgets/Fiscal Prudence.** Government deficits crowd out private investment and create structural instability. |

### C. Views on Unemployment

*   **Keynes:** Unemployment is primarily **cyclical** or **demand-deficient**. Workers are willing to work, but there isn't enough demand for goods and services to justify hiring them. *Policy Solution:* Increase demand.
*   **Hayek:** Unemployment, especially prolonged unemployment, is often a symptom of **structural imbalance** (malinvestment) caused by prior inflationary booms or excessive wage rigidity. *Policy Solution:* Allow markets to adjust wages and liquidate unsustainable businesses.

### D. Views on Inflation

*   **Keynes:** Inflation is less of a concern than unemployment, especially during deep recessions. Inflation generally occurs when the economy approaches full capacity.
*   **Hayek:** Inflation (monetary expansion) is corrosive and the primary driver of the business cycle. It distorts the crucial price signals that coordinate economic activity.

---

## II. Arguments For and Against Keynesian Economics

Keynesian economics became the dominant policy framework from the 1940s through the 1970s.

### A. Main Arguments in Favor of Keynesian Policies

1.  **Effective Management of Depressions:** Keynesian policies offer a direct and powerful tool to halt the downward spiral of a recession, as seen in the response to the Great Recession of 2008–2009.
2.  **Addressing Market Failure:** Keynes recognized that economies could get stuck in equilibrium below full employment (the ""liquidity trap""). Government spending provides the crucial external shock needed to restart growth when private agents are unwilling to spend.
3.  **Speed and Flexibility:** Fiscal policy can be targeted and deployed relatively quickly (in theory) compared to the long, slow, and unpredictable process of market self-correction.
4.  **Countering Animal Spirits:** When pessimism (""animal spirits"") grips investors, only government intervention can inject confidence and stability.

### B. Main Arguments Against Keynesian Policies

1.  **Crowding Out:** Government deficit spending requires borrowing, which can drive up interest rates, thereby ""crowding out"" or reducing more productive private sector investment.
2.  **Implementation Challenges (Lags):** Fiscal stimulus often takes too long to legislate, implement, and filter through the economy (recognition, legislative, and impact lags). By the time the stimulus arrives, the recession may be over, leading to unwanted inflation.
3.  **Political Misuse:** Stimulus spending is often politically motivated (favoring specific districts or interest groups) rather than economically efficient. Politicians rarely cut spending during booms, leading to perpetual deficits and rising national debt.
4.  **Moral Hazard:** Constant intervention might reduce the incentive for businesses and individuals to save and make prudent long-term decisions, relying instead on government bailouts.

---

## III. Arguments For and Against Hayekian Economics

Hayek’s ideas gained widespread popularity in the 1970s and 1980s (associated with Thatcher and Reagan) and remain highly influential among classical liberals and libertarians.

### A. Main Arguments in Favor of Hayekian Policies

1.  **Efficiency of the Price System:** Hayek's greatest contribution was explaining that the market price system acts as a decentralized communication network, aggregating vastly dispersed information more effectively than any central planning body (government).
2.  **Avoiding Malinvestment:** Hayekian policy argues that recessions are necessary to ""clear out"" malinvestments (unsustainable projects) caused by previous artificially low interest rates. Intervention merely prolongs the pain.
3.  **Limiting Government Overreach:** By constraining the government's economic role, Hayekian policy protects individual liberty and prevents the creeping centralization that he feared would lead to authoritarianism (as detailed in *The Road to Serfdom*).
4.  **Fiscal Responsibility:** Hayekian discipline forces governments to live within their means, ensuring long-term fiscal stability and protecting future generations from excessive debt burdens.

### B. Main Arguments Against Hayekian Policies

1.  **Inefficiency and Human Cost of Correction:** Allowing severe recessions to run their course results in immense human suffering, mass unemployment, and the destruction of productive capacity—costs that most modern societies are unwilling to bear.
2.  **The Time Horizon Problem:** Keynes famously said, ""In the long run, we are all dead."" Critics argue that Hayek’s insistence on long-run market correction ignores the immediate, devastating consequences of deep, sustained downturns.
3.  **The Information Problem is Two-Sided:** While central planners lack perfect information, private markets also suffer from asymmetric information, irrational exuberance, and financial panics that require governmental mitigation.
4.  **Deflationary Spiral Risk:** In a deep recession, non-intervention can lead to a deflationary spiral where falling prices, wages, and demand reinforce each other, making recovery extremely difficult (a key lesson of the Great Depression).

---

## IV. Conclusion: Synthesis and Modern Relevance

The debate between Keynes and Hayek is less about theory today than about **dosage and timing**.

1.  **The Modern Consensus (The Neoclassical Synthesis):** Most modern economies employ a hybrid approach. They generally agree with Hayek on the long-term efficiency of free markets and the dangers of excessive monetary expansion, but agree with Keynes on the need for counter-cyclical fiscal or monetary action during severe crises.
2.  **The Financial Crisis of 2008:** The Great Recession was largely managed using Keynesian tools (fiscal stimulus, quantitative easing) because policymakers feared a total collapse of aggregate demand. However, the subsequent debates over national debt and long-term fiscal sustainability largely echoed Hayekian warnings.
3.  **The Political Divide:** Keynesianism remains the default policy position for liberal or social democratic parties advocating for active public investment and social safety nets, while Hayekianism forms the intellectual basis for conservative or libertarian platforms emphasizing deregulation, tax cuts, and limited government spending."
Practical,"Draft a polite and professional email to a client asking for a project deadline extension of one week, providing a brief and valid reason.","Subject: Request for Project [Project Name] Deadline Extension - [Your Name/Company Name]

Dear [Client Name],

I hope this email finds you well.

I am writing to respectfully request a one-week extension on the deadline for the [Project Name] project, originally scheduled for [Original Deadline Date].

This extension is needed due to [Brief, Valid Reason, e.g., unforeseen technical complexities during the integration phase / a temporary resource allocation challenge on a critical component / unexpected delays in receiving necessary third-party assets].

We are committed to delivering the highest quality work possible, and this additional time will ensure all deliverables meet our rigorous standards and your expectations.

The revised deadline for completion will be [New Deadline Date, one week later]. We are actively working on the project and will keep you informed of our progress throughout the coming week.

Thank you for your understanding and flexibility regarding this matter. Please let me know if you have any questions.

Best regards,

[Your Name]
[Your Title/Company Name]
[Your Phone Number]"
Informational,"Explain the concept of 'quantum entanglement' to someone with no background in physics, using a simple analogy.","This is a fantastic challenge, as quantum entanglement is one of the strangest and most powerful concepts in modern physics!

Here is an explanation designed for someone with no background in physics, using a simple, dramatic analogy.

---

## Quantum Entanglement Explained Simply

Quantum entanglement is a mind-bending phenomenon where **two tiny particles become permanently linked** in such a way that they share the same fate, no matter how far apart they are.

### The Key Idea: Spooky Action at a Distance

Imagine you have two regular objects, say two coins. If you flip Coin A in New York and it lands on **Heads**, that tells you nothing about Coin B being flipped in Sydney. They are independent.

Entangled particles are different. When they are linked, they don't have a defined state (like ""Heads"" or ""Tails"") until you look at them. But the moment you look at one, the other instantly snaps into a complementary state.

### The Simple Analogy: The Entangled Socks

To understand this spooky link, forget tiny particles for a moment, and think about two very special socks: **Sock A** and **Sock B**.

#### 1. The Setup (Entanglement)

A magical sock machine creates socks in pairs. Each pair always consists of **one red sock** and **one blue sock**.

The machine is strange, however:
* **Before you look at them,** neither sock has a color. They are in a blurred, undefined state—partially red and partially blue at the same time.
* The moment they are separated, they are wrapped and sealed. You know only two things: they are a matched pair, and they are now **entangled.**

#### 2. The Separation

You take Sock A and send it to your friend on Mars. You keep Sock B here on Earth. They are millions of miles apart.

#### 3. The Measurement (The Spooky Action)

Your friend on Mars decides to open the package and look at Sock A.

* **The instant your friend looks at Sock A,** the sock snaps out of its undefined state and becomes, say, **RED**.

#### 4. The Instantaneous Effect

Because the socks were entangled and had to be a perfect pair (one red, one blue), you now know, instantly and without any doubt, the color of your sock on Earth: **BLUE**.

This knowledge is instantaneous. It doesn't matter that the socks are millions of miles apart. There was **no time delay** and **no signal** sent between Mars and Earth. The shared fate was sealed the moment the first sock was ""measured"" (looked at).

### Why Is This So Strange?

This ""instantaneous connection"" is what Albert Einstein called **""spooky action at a distance.""**

1. **No Communication:** If you wanted to tell your friend the sock was Red, you'd have to send a radio signal, which takes time (at least a few minutes, even at the speed of light). Entanglement doesn't use signals; the connection is simultaneous.
2. **Beyond Probability:** We aren't just saying, ""There's a 50% chance my sock is Blue."" We know with **100% certainty** what the state of the distant particle is, simply by measuring the local one.

### The Real-World Application

While entanglement doesn't let us send messages faster than light (because you can't *control* the outcome—you can't force Sock A to be Red or Blue), it is the backbone of future technologies:

* **Quantum Computing:** Entangled particles are used to perform complex calculations far beyond the ability of current supercomputers.
* **Quantum Communication (Cryptography):** Entanglement creates completely secure communication networks. If a hacker tries to ""look"" at the entangled particles to intercept the message, the act of looking instantly breaks the entanglement, alerting the users that their communication has been compromised."
Summarization,Summarize the main arguments presented in the book 'Sapiens: A Brief History of Humankind' into five key bullet points.,"*Sapiens: A Brief History of Humankind* argues that the history of *Homo sapiens* is defined by three major revolutions, driven primarily by our unique ability to believe in collective fictions.

Here are the five key arguments:

1.  **The Power of Fictional Narratives (The Cognitive Revolution):** The success of *Homo sapiens* is attributed to the Cognitive Revolution (about 70,000 years ago), which allowed them to think about and communicate shared myths, gods, laws, and corporations—fictions that exist purely in the collective imagination. This ability to believe in abstract concepts enables flexible, mass cooperation among millions of unrelated individuals, a trait no other animal possesses.
2.  **The Agricultural Revolution as ""History's Biggest Fraud"":** The shift from foraging to farming was not a net improvement in quality of life. While it allowed the human population to explode, it resulted in worse diets, longer working hours, increased disease, and greater social inequality for the average individual; Sapiens domesticated wheat more than wheat domesticated Sapiens.
3.  **The Unification of Humankind:** Despite local differences, humanity has steadily moved toward a single global civilization, primarily driven by three universal orders: **Money** (a system of mutual trust), **Empires** (a system of governance that absorbed diverse cultures), and **Universal Religions** (belief systems that claimed relevance for all people everywhere).
4.  **The Symbiotic Engine of Growth (Science and Capitalism):** The Scientific Revolution (beginning around 1500 AD) was fueled by Sapiens' willingness to admit ignorance and invest in future knowledge. This approach, combined with the Capitalist economic system (which relies on credit, trust in future profits, and constant material growth), created a powerful, self-sustaining engine that gave Sapiens unprecedented power over the planet.
5.  **The End of Natural Selection and the Rise of the *Homo Deus*:** Having conquered distance, famine, and plague, Sapiens is rapidly moving beyond the realm of natural selection. Through genetic engineering, biotechnology, and artificial intelligence, humanity is poised to redesign itself, potentially evolving into a post-human, ""God-like"" species (or *Homo Deus*), creating profound ethical dilemmas about the future meaning and purpose of life."
Role-playing,Act as a skeptical historian reviewing a new movie about the American Revolution. Point out three historical inaccuracies and one thing the film got right.,"***Review of ""The Patriot's Dawn"" (2024)***

The historian’s job when reviewing a film like *The Patriot’s Dawn*, which purports to offer a gritty, realistic view of the struggle leading up to Valley Forge, is not merely to catalogue errors but to assess the fundamental faithfulness of its interpretation. Sadly, director Marcus Thorne has traded necessary complexity for easily digestible drama, resulting in a film that is often less history and more costumed melodrama. While visually arresting, the picture suffers from several profound historical inaccuracies that fundamentally distort the reality of the war.

Here are three primary historical inaccuracies and one element the film managed to handle correctly:

---

### Three Historical Inaccuracies

#### 1. The Myth of the Well-Dressed Revolutionary Soldier

The most immediate and visually grating error is the depiction of the Continental Army's uniforms in the pivotal 1777 sequences. Thorne presents Washington’s forces as relatively standardized—clean, crisp, and predominantly clad in the deep blue and buff coats that only became common (and rarely pristine) much later in the war, largely thanks to French aid and reforms by Baron von Steuben.

This is a profound misrepresentation of the early war period. The reality of 1776-1777 was chaos: soldiers wore brown, drab gray, or, most commonly, civilian hunting shirts (often dyed brown or homespun). Clothing was scavenged, ill-fitting, and constantly falling apart. To show entire regiments marching with standardized flags and matching coats, looking like they just stepped out of a period recreation society, eradicates the genuine hardship, organizational failure, and pervasive logistical nightmares that characterized Washington’s command. It sanitizes the misery for cinematic aesthetics.

#### 2. Teleological Anachronism: The Modern Ideals of the Rank and File

*The Patriot’s Dawn* suffers from a common Hollywood mistake: projecting 21st-century social consciousness onto 18th-century characters. There is an extended, entirely fictionalized subplot where a farm hand from Massachusetts passionately debates universal liberty and the evils of slavery with his colonel—a discussion characterized by a moral fervor and vocabulary that belongs entirely to the Abolitionist movement of the 1830s, not the Revolutionary period.

While the rhetoric of ""liberty"" was omnipresent, it was a complex and often contradictory concept, highly specific to land ownership, tax issues, and political representation. The core struggle was about self-governance, not immediate social restructuring. The film commits a severe teleological error, suggesting that the average soldier was fighting explicitly for the fully realized democratic ideals that we now associate with the American mythos. Most men were fighting for pay, local defense, or relief from taxation, not an abstract ideal of modern egalitarianism.

#### 3. The Cinematic Musket and the Accuracy Myth

Action sequences demand excitement, and thus, accuracy must be exaggerated. The film repeatedly shows characters—particularly the heroic scout, Elias—taking careful, aimed shots with smoothbore muskets (such as the Brown Bess or Charleville) and hitting individual British officers at ranges well over 100 yards.

This is fundamentally inaccurate. The smoothbore musket was notoriously inaccurate beyond 50-80 yards, and its primary function was generating disciplined *volley fire* into massed formations, relying on saturation rather than precision. The idea of Revolutionary War-era soldiers engaging in extended, accurate gun duels, picking off specific targets with single shots, is a dramatic construct derived from Westerns and modern warfare, not 18th-century combat doctrine. Warfare was noisy, smokey, chaotic, and imprecise; the film turns it into a series of heroic sniper engagements.

---

### One Element the Film Got Right

#### The Profound Political Disunity of the Colonies

Despite its many narrative shortcuts, *The Patriot’s Dawn* surprisingly succeeds in illustrating the profound **internal political weakness** of the revolutionary cause. Too many films portray the Revolution as a unified march of righteous indignation. Thorne, however, dedicates crucial screen time to Washington’s grueling interactions with a perpetually divided and financially inept Continental Congress, highlighting the lack of central authority.

Furthermore, the film correctly emphasizes the deep schism within the colonial population. It does not shy away from showing communities torn apart, acknowledging that for every zealous Patriot, there was a staunch Loyalist (and a great many neutrals). The reality that the Revolution was effectively a brutal civil war, fueled by paranoia, conflicting loyalties, and constant jockeying between state militias and the central army, is captured quite well. This depiction of political fragmentation and logistical rivalry is a refreshing break from the often-monolithic portrayal of the American cause."
Formatting,"Take the following unstructured data and format it as a JSON object: Name: Jane Doe, Age: 34, Occupation: Data Scientist, Skills: [Python, SQL, R, Tableau].","```json
{
  ""name"": ""Jane Doe"",
  ""age"": 34,
  ""occupation"": ""Data Scientist"",
  ""skills"": [
    ""Python"",
    ""SQL"",
    ""R"",
    ""Tableau""
  ]
}
```"
Translation,Translate the following business memo from English to German: 'All employees are required to attend the mandatory security training session on Wednesday at 10:00 AM in the main conference room.',"**Option 1: Formal and Directive (Recommended for a standard memo)**

> Alle Mitarbeiter sind verpflichtet, am Mittwoch um 10:00 Uhr im Hauptkonferenzraum an der verpflichtenden Sicherheitsschulung teilzunehmen.

***

**Option 2: Using ""Müssen"" (Slightly more direct)**

> Alle Mitarbeiter müssen am Mittwoch um 10:00 Uhr im Hauptkonferenzraum an der obligatorischen Sicherheitsschulung teilnehmen."
